index,label,prediction,true_class,predicted_class,correct_acc7,absolute_error,class_distance
0,-1.7999999523162842,-2.3026461601257324,-2,-2,1,0.5026462078094482,0
1,0.0,1.4753789901733398,0,1,0,1.4753789901733398,1
2,-2.5999999046325684,-0.6711516380310059,-3,-1,0,1.9288482666015625,2
3,-1.7999999523162842,-1.1652534008026123,-2,-1,0,0.6347465515136719,1
4,-1.7999999523162842,-2.001544237136841,-2,-2,1,0.20154428482055664,0
5,-0.800000011920929,1.1126813888549805,-1,1,0,1.9126814007759094,2
6,-2.4000000953674316,-1.6179959774017334,-2,-2,1,0.7820041179656982,0
7,-0.6000000238418579,-1.9550979137420654,-1,-2,0,1.3550978899002075,1
8,-0.800000011920929,-0.32233452796936035,-1,0,0,0.4776654839515686,1
9,0.6000000238418579,1.4433717727661133,1,1,1,0.8433717489242554,0
10,-2.799999952316284,-1.279322624206543,-3,-1,0,1.5206773281097412,2
11,-0.800000011920929,-0.904815673828125,-1,-1,1,0.10481566190719604,0
12,-2.5999999046325684,-1.7657334804534912,-3,-2,0,0.8342664241790771,1
13,-2.200000047683716,-1.9780815839767456,-2,-2,1,0.22191846370697021,0
14,1.600000023841858,2.275075912475586,2,2,1,0.675075888633728,0
15,-3.0,-2.5082876682281494,-3,-3,1,0.4917123317718506,0
16,-2.5999999046325684,-2.4231786727905273,-3,-2,0,0.17682123184204102,1
17,-0.4000000059604645,0.7241461277008057,0,1,0,1.1241461336612701,1
18,-2.799999952316284,1.8153657913208008,-3,2,0,4.615365743637085,5
19,1.0,1.5980463027954102,1,2,0,0.5980463027954102,1
20,0.800000011920929,0.4752693176269531,1,0,0,0.32473069429397583,1
21,-2.5999999046325684,1.6364879608154297,-3,2,0,4.236487865447998,5
22,-2.799999952316284,-2.422672986984253,-3,-2,0,0.37732696533203125,1
23,-2.4000000953674316,-1.9631150960922241,-2,-2,1,0.4368849992752075,0
24,1.2000000476837158,1.3250608444213867,1,1,1,0.1250607967376709,0
25,-1.399999976158142,0.613288402557373,-1,1,0,2.013288378715515,2
26,-2.0,-2.017714500427246,-2,-2,1,0.017714500427246094,0
27,-1.7999999523162842,-1.474719524383545,-2,-1,0,0.32528042793273926,1
28,-2.25,-2.0208795070648193,-2,-2,1,0.22912049293518066,0
29,-1.399999976158142,-1.1303119659423828,-1,-1,1,0.2696880102157593,0
30,1.2000000476837158,2.052267074584961,1,2,0,0.8522670269012451,1
31,-1.7999999523162842,-2.254096031188965,-2,-2,1,0.45409607887268066,0
32,-2.200000047683716,-1.6860451698303223,-2,-2,1,0.5139548778533936,0
33,2.0,1.608785629272461,2,2,1,0.39121437072753906,0
34,1.600000023841858,1.4394407272338867,2,1,0,0.1605592966079712,1
35,-1.600000023841858,-1.4421343803405762,-2,-1,0,0.15786564350128174,1
36,-1.0,0.25597143173217773,-1,0,0,1.2559714317321777,1
37,-2.4000000953674316,-2.373673439025879,-2,-2,1,0.026326656341552734,0
38,-2.5999999046325684,0.16330671310424805,-3,0,0,2.7633066177368164,3
39,-2.799999952316284,-0.5759382247924805,-3,-1,0,2.2240617275238037,2
40,2.200000047683716,-0.7521200180053711,2,-1,0,2.952120065689087,3
41,1.0,0.0788888931274414,1,0,0,0.9211111068725586,1
42,2.5,0.947711706161499,2,1,0,1.552288293838501,1
43,2.799999952316284,-2.209073066711426,3,-2,0,5.00907301902771,5
44,0.6000000238418579,0.015661239624023438,1,0,0,0.5843387842178345,1
45,3.0,2.677562713623047,3,3,1,0.3224372863769531,0
46,2.799999952316284,2.8459482192993164,3,3,1,0.04594826698303223,0
47,-0.20000000298023224,0.583158016204834,0,1,0,0.7831580191850662,1
48,-0.6000000238418579,-1.5120340585708618,-1,-2,0,0.9120340347290039,1
49,0.0,0.3126697540283203,0,0,1,0.3126697540283203,0
50,2.5,2.224764823913574,2,2,1,0.2752351760864258,0
51,1.600000023841858,2.528557777404785,2,3,0,0.9285577535629272,1
52,-1.0,0.1587047576904297,-1,0,0,1.1587047576904297,1
53,1.399999976158142,2.4081873893737793,1,2,0,1.0081874132156372,1
54,-2.5999999046325684,-1.7539336681365967,-3,-2,0,0.8460662364959717,1
55,-1.0,-0.6524245738983154,-1,-1,1,0.34757542610168457,0
56,3.0,1.9334239959716797,3,2,0,1.0665760040283203,1
57,2.0,1.3738594055175781,2,1,0,0.6261405944824219,1
58,1.600000023841858,2.390713691711426,2,2,1,0.7907136678695679,0
59,0.5,0.34500598907470703,0,0,1,0.15499401092529297,0
60,1.2000000476837158,2.146993637084961,1,2,0,0.9469935894012451,1
61,-2.4000000953674316,-1.5755513906478882,-2,-2,1,0.8244487047195435,0
62,1.7999999523162842,2.154226303100586,2,2,1,0.35422635078430176,0
63,-1.0,-2.133782386779785,-1,-2,0,1.1337823867797852,1
64,-1.0,2.4530258178710938,-1,2,0,3.4530258178710938,3
65,2.0,1.5094776153564453,2,2,1,0.4905223846435547,0
66,2.200000047683716,-1.9039961099624634,2,-2,0,4.103996157646179,4
67,-2.5999999046325684,-1.372879981994629,-3,-1,0,1.2271199226379395,2
68,-1.2000000476837158,-1.2121003866195679,-1,-1,1,0.01210033893585205,0
69,2.4000000953674316,2.350287437438965,2,2,1,0.0497126579284668,0
70,3.0,2.0589218139648438,3,2,0,0.9410781860351562,1
71,0.20000000298023224,0.4992961883544922,0,0,1,0.29929618537425995,0
72,2.5999999046325684,2.6707653999328613,3,3,1,0.07076549530029297,0
73,0.20000000298023224,-1.2064235210418701,0,-1,0,1.4064235240221024,1
74,-1.2000000476837158,-0.19443273544311523,-1,0,0,1.0055673122406006,1
75,0.6000000238418579,1.113663673400879,1,1,1,0.513663649559021,0
76,0.800000011920929,-0.9404690265655518,1,-1,0,1.7404690384864807,2
77,-1.0,0.9048411846160889,-1,1,0,1.9048411846160889,2
78,-0.6000000238418579,-0.8474860191345215,-1,-1,1,0.24748599529266357,0
79,0.20000000298023224,-0.5735926628112793,0,-1,0,0.7735926657915115,1
80,0.4000000059604645,-0.08253812789916992,0,0,1,0.4825381338596344,0
81,-2.200000047683716,-1.9072755575180054,-2,-2,1,0.29272449016571045,0
82,-1.399999976158142,-1.3110682964324951,-1,-1,1,0.08893167972564697,0
83,1.0,1.0203514099121094,1,1,1,0.020351409912109375,0
84,1.7999999523162842,1.6551742553710938,2,2,1,0.14482569694519043,0
85,1.0,1.942556381225586,1,2,0,0.9425563812255859,1
86,1.7999999523162842,1.8798656463623047,2,2,1,0.07986569404602051,0
87,-0.800000011920929,-1.7317346334457397,-1,-2,0,0.9317346215248108,1
88,-1.0,-0.7455503940582275,-1,-1,1,0.25444960594177246,0
89,-0.6000000238418579,0.4597361087799072,-1,0,0,1.0597361326217651,1
90,1.2000000476837158,1.7248497009277344,1,2,0,0.5248496532440186,1
91,1.399999976158142,1.6330156326293945,1,2,0,0.23301565647125244,1
92,1.399999976158142,-0.3976254463195801,1,0,0,1.7976254224777222,1
93,2.0,2.5122714042663574,2,3,0,0.5122714042663574,1
94,-1.0,-1.6646549701690674,-1,-2,0,0.6646549701690674,1
95,2.0,2.1786718368530273,2,2,1,0.17867183685302734,0
96,0.0,-0.6414217948913574,0,-1,0,0.6414217948913574,1
97,-0.6000000238418579,-1.3215537071228027,-1,-1,1,0.7215536832809448,0
98,-0.6000000238418579,-1.262689471244812,-1,-1,1,0.6626894474029541,0
99,-0.6000000238418579,-1.9886423349380493,-1,-2,0,1.3886423110961914,1
100,0.800000011920929,0.0868992805480957,1,0,0,0.7131007313728333,1
101,-0.25,-1.0958988666534424,0,-1,0,0.8458988666534424,1
102,2.4000000953674316,2.378546714782715,2,2,1,0.021453380584716797,0
103,0.4000000059604645,-0.06458425521850586,0,0,1,0.46458426117897034,0
104,2.200000047683716,2.2475790977478027,2,2,1,0.047579050064086914,0
105,2.0,1.808122158050537,2,2,1,0.1918778419494629,0
106,2.5999999046325684,2.201772689819336,3,2,0,0.3982272148132324,1
107,2.0,-1.7237575054168701,2,-2,0,3.72375750541687,4
108,1.600000023841858,0.9831380844116211,2,1,0,0.6168619394302368,1
109,2.0,2.7232961654663086,2,3,0,0.7232961654663086,1
110,0.20000000298023224,1.7978620529174805,0,2,0,1.5978620499372482,2
111,0.800000011920929,0.16484999656677246,1,0,0,0.6351500153541565,1
112,2.0,1.9114227294921875,2,2,1,0.0885772705078125,0
113,2.0,1.7832441329956055,2,2,1,0.21675586700439453,0
114,0.0,-0.7298812866210938,0,-1,0,0.7298812866210938,1
115,2.200000047683716,1.4140300750732422,2,1,0,0.7859699726104736,1
116,-1.0,-1.9214729070663452,-1,-2,0,0.9214729070663452,1
117,0.4000000059604645,-0.3348097801208496,0,0,1,0.7348097860813141,0
118,1.600000023841858,2.398627281188965,2,2,1,0.7986272573471069,0
119,1.399999976158142,1.4767770767211914,1,1,1,0.07677710056304932,0
120,2.200000047683716,2.926203727722168,2,3,0,0.7262036800384521,1
121,-1.399999976158142,-1.3289711475372314,-1,-1,1,0.07102882862091064,0
122,-2.5,1.9684977531433105,-2,2,0,4.4684977531433105,4
123,-2.799999952316284,-2.418865203857422,-3,-2,0,0.3811347484588623,1
124,-1.600000023841858,-2.164546012878418,-2,-2,1,0.5645459890365601,0
125,-2.5999999046325684,-2.4738059043884277,-3,-2,0,0.12619400024414062,1
126,-2.5999999046325684,-0.03985404968261719,-3,0,0,2.560145854949951,3
127,1.0,0.5230064392089844,1,1,1,0.4769935607910156,0
128,-2.4000000953674316,-2.5327651500701904,-2,-3,0,0.1327650547027588,1
129,-1.0,-2.3531179428100586,-1,-2,0,1.3531179428100586,1
130,-2.5999999046325684,-2.529344320297241,-3,-3,1,0.07065558433532715,0
131,-1.0,-0.9857194423675537,-1,-1,1,0.014280557632446289,0
132,-1.7999999523162842,-1.4851219654083252,-2,-1,0,0.314877986907959,1
133,-1.0,-1.9762897491455078,-1,-2,0,0.9762897491455078,1
134,-2.4000000953674316,-2.610771417617798,-2,-3,0,0.2107713222503662,1
135,-2.799999952316284,-2.919717311859131,-3,-3,1,0.11971735954284668,0
136,0.20000000298023224,0.09920120239257812,0,0,1,0.10079880058765411,0
137,-1.7999999523162842,-1.3750355243682861,-2,-1,0,0.42496442794799805,1
138,-1.3333333730697632,-2.5689313411712646,-1,-3,0,1.2355979681015015,2
139,-1.600000023841858,-2.13441801071167,-2,-2,1,0.534417986869812,0
140,-2.799999952316284,-0.23141884803771973,-3,0,0,2.5685811042785645,3
141,-2.0,-1.012350082397461,-2,-1,0,0.9876499176025391,1
142,-2.4000000953674316,-2.2410147190093994,-2,-2,1,0.15898537635803223,0
143,-2.200000047683716,-2.086644172668457,-2,-2,1,0.11335587501525879,0
144,-3.0,-2.679656982421875,-3,-3,1,0.320343017578125,0
145,-3.0,-1.3875197172164917,-3,-1,0,1.6124802827835083,2
146,-1.0,-0.7665591239929199,-1,-1,1,0.23344087600708008,0
147,-1.2000000476837158,-1.0724745988845825,-1,-1,1,0.1275254487991333,0
148,-2.0,-2.5832200050354004,-2,-3,0,0.5832200050354004,1
149,1.399999976158142,2.1262073516845703,1,2,0,0.7262073755264282,1
150,-1.75,-2.0082876682281494,-2,-2,1,0.2582876682281494,0
151,-1.7999999523162842,-2.327650547027588,-2,-2,1,0.5276505947113037,0
152,-2.0,-2.2361388206481934,-2,-2,1,0.23613882064819336,0
153,-2.0,-2.3308544158935547,-2,-2,1,0.3308544158935547,0
154,-2.799999952316284,-1.419569492340088,-3,-1,0,1.3804304599761963,2
155,-2.0,-2.6362357139587402,-2,-3,0,0.6362357139587402,1
156,-1.399999976158142,-1.0740113258361816,-1,-1,1,0.32598865032196045,0
157,-2.799999952316284,-2.9142215251922607,-3,-3,1,0.11422157287597656,0
158,-2.200000047683716,-1.8805999755859375,-2,-2,1,0.3194000720977783,0
159,-2.200000047683716,-2.578369617462158,-2,-3,0,0.3783695697784424,1
160,-1.600000023841858,-2.4051294326782227,-2,-2,1,0.8051294088363647,0
161,-3.0,-0.03985404968261719,-3,0,0,2.960145950317383,3
162,-3.0,-2.9261958599090576,-3,-3,1,0.07380414009094238,0
163,-0.6000000238418579,-0.21387529373168945,-1,0,0,0.38612473011016846,1
164,-0.6000000238418579,-0.3047003746032715,-1,0,0,0.2952996492385864,1
165,1.0,1.7891817092895508,1,2,0,0.7891817092895508,1
166,-1.2000000476837158,1.2259931564331055,-1,1,0,2.4259932041168213,2
167,-1.600000023841858,0.8551375865936279,-2,1,0,2.455137610435486,3
168,1.0,1.7701263427734375,1,2,0,0.7701263427734375,1
169,-1.7999999523162842,0.824082612991333,-2,1,0,2.624082565307617,3
170,0.0,0.503425121307373,0,1,0,0.503425121307373,1
171,-1.2000000476837158,-1.735935926437378,-1,-2,0,0.5359358787536621,1
172,-1.399999976158142,0.09512996673583984,-1,0,0,1.495129942893982,1
173,1.2000000476837158,-1.2269047498703003,1,-1,0,2.426904797554016,2
174,-0.4000000059604645,0.05856513977050781,0,0,1,0.4585651457309723,0
175,-2.0,-1.8488032817840576,-2,-2,1,0.15119671821594238,0
176,0.800000011920929,-0.29662060737609863,1,0,0,1.0966206192970276,1
177,-0.800000011920929,-0.4216182231903076,-1,0,0,0.37838178873062134,1
178,0.6000000238418579,1.8445186614990234,1,2,0,1.2445186376571655,1
179,-1.600000023841858,-1.3738031387329102,-2,-1,0,0.22619688510894775,1
180,-1.399999976158142,-1.8258581161499023,-1,-2,0,0.42585813999176025,1
181,-2.200000047683716,-1.7128808498382568,-2,-2,1,0.487119197845459,0
182,0.6666666865348816,-0.1962718963623047,1,0,0,0.8629385828971863,1
183,0.20000000298023224,-0.4284658432006836,0,0,1,0.6284658461809158,0
184,-1.2000000476837158,-1.552890419960022,-1,-2,0,0.35289037227630615,1
185,-0.4000000059604645,-2.6078763008117676,0,-3,0,2.207876294851303,3
186,-2.4000000953674316,-2.921968936920166,-2,-3,0,0.5219688415527344,1
187,-0.5,-1.1944561004638672,0,-1,0,0.6944561004638672,1
188,1.399999976158142,1.460799217224121,1,1,1,0.060799241065979004,0
189,0.4000000059604645,-0.9236717224121094,0,-1,0,1.3236717283725739,1
190,-1.600000023841858,-2.0052073001861572,-2,-2,1,0.4052072763442993,0
191,1.2000000476837158,-0.26099300384521484,1,0,0,1.4609930515289307,1
192,0.0,0.35153913497924805,0,0,1,0.35153913497924805,0
193,0.800000011920929,1.9073944091796875,1,2,0,1.1073943972587585,1
194,-1.2000000476837158,-1.2681864500045776,-1,-1,1,0.06818640232086182,0
195,0.4000000059604645,0.4054553508758545,0,0,1,0.005455344915390015,0
196,-2.799999952316284,-2.8529319763183594,-3,-3,1,0.052932024002075195,0
197,-1.0,-2.016064167022705,-1,-2,0,1.016064167022705,1
198,-2.5999999046325684,-0.633145809173584,-3,-1,0,1.9668540954589844,2
199,-1.399999976158142,-2.855889081954956,-1,-3,0,1.455889105796814,2
200,1.399999976158142,1.3769197463989258,1,1,1,0.02308022975921631,0
201,1.600000023841858,1.9318432807922363,2,2,1,0.3318432569503784,0
202,-0.4000000059604645,0.14324951171875,0,0,1,0.5432495176792145,0
203,2.0,2.23516845703125,2,2,1,0.23516845703125,0
204,1.399999976158142,1.8867402076721191,1,2,0,0.48674023151397705,1
205,1.600000023841858,2.279712677001953,2,2,1,0.6797126531600952,0
206,1.2000000476837158,2.285036087036133,1,2,0,1.085036039352417,1
207,-2.0,0.3209538459777832,-2,0,0,2.320953845977783,2
208,-1.2000000476837158,-0.9305160045623779,-1,-1,1,0.2694840431213379,0
209,0.6000000238418579,1.0756587982177734,1,1,1,0.4756587743759155,0
210,1.25,2.062520980834961,1,2,0,0.8125209808349609,1
211,-1.7999999523162842,-1.5356521606445312,-2,-2,1,0.26434779167175293,0
212,-2.4000000953674316,-2.4360833168029785,-2,-2,1,0.036083221435546875,0
213,-1.2000000476837158,-2.018972873687744,-1,-2,0,0.8189728260040283,1
214,-2.5999999046325684,-2.177849769592285,-3,-2,0,0.4221501350402832,1
215,-2.200000047683716,-2.504138708114624,-2,-3,0,0.3041386604309082,1
216,-1.7999999523162842,-2.005338668823242,-2,-2,1,0.205338716506958,0
217,-0.800000011920929,-2.0687897205352783,-1,-2,0,1.2687897086143494,1
218,-2.0,-1.3106831312179565,-2,-1,0,0.6893168687820435,1
219,-1.600000023841858,-1.0260493755340576,-2,-1,0,0.5739506483078003,1
220,-1.7999999523162842,-1.9813793897628784,-2,-2,1,0.18137943744659424,0
221,-1.2000000476837158,-1.0538201332092285,-1,-1,1,0.1461799144744873,0
222,1.2000000476837158,1.1271891593933105,1,1,1,0.07281088829040527,0
223,-2.0,0.5836429595947266,-2,1,0,2.5836429595947266,3
224,-1.0,2.0337352752685547,-1,2,0,3.0337352752685547,3
225,-0.6000000238418579,-1.401300072669983,-1,-1,1,0.801300048828125,0
226,-1.0,-1.4788156747817993,-1,-1,1,0.4788156747817993,0
227,-1.0,-1.0693013668060303,-1,-1,1,0.06930136680603027,0
228,-0.4000000059604645,-1.6806129217147827,0,-2,0,1.2806129157543182,2
229,1.2000000476837158,0.9548163414001465,1,1,1,0.24518370628356934,0
230,1.600000023841858,1.4186582565307617,2,1,0,0.1813417673110962,1
231,-0.800000011920929,0.25298619270324707,-1,0,0,1.052986204624176,1
232,-1.0,-1.799410343170166,-1,-2,0,0.799410343170166,1
233,-1.0,-0.9732139110565186,-1,-1,1,0.026786088943481445,0
234,0.25,1.5375003814697266,0,2,0,1.2875003814697266,2
235,0.800000011920929,-0.6314563751220703,1,-1,0,1.4314563870429993,2
236,1.399999976158142,1.2313556671142578,1,1,1,0.16864430904388428,0
237,1.2000000476837158,1.393110752105713,1,1,1,0.19311070442199707,0
238,0.5,-0.3681340217590332,0,0,1,0.8681340217590332,0
239,0.0,-1.3294641971588135,0,-1,0,1.3294641971588135,1
240,1.600000023841858,1.6057367324829102,2,2,1,0.005736708641052246,0
241,-2.4000000953674316,0.003088712692260742,-2,0,0,2.4030888080596924,2
242,0.800000011920929,-0.03766918182373047,1,0,0,0.8376691937446594,1
243,-0.20000000298023224,0.24375486373901367,0,0,1,0.4437548667192459,0
244,0.0,-0.4950833320617676,0,0,1,0.4950833320617676,0
245,0.20000000298023224,-0.2254014015197754,0,0,1,0.42540140450000763,0
246,0.0,0.15907955169677734,0,0,1,0.15907955169677734,0
247,0.0,0.08729839324951172,0,0,1,0.08729839324951172,0
248,-0.4000000059604645,-0.09781455993652344,0,0,1,0.30218544602394104,0
249,-2.200000047683716,-1.710756778717041,-2,-2,1,0.4892432689666748,0
250,-2.799999952316284,-1.7982189655303955,-3,-2,0,1.0017809867858887,1
251,0.0,0.05263161659240723,0,0,1,0.05263161659240723,0
252,-2.799999952316284,-2.2867431640625,-3,-2,0,0.5132567882537842,1
253,-1.0,-1.587024450302124,-1,-2,0,0.587024450302124,1
254,-0.20000000298023224,-1.5054411888122559,0,-2,0,1.3054411858320236,2
255,-0.4000000059604645,-0.01911640167236328,0,0,1,0.3808836042881012,0
256,-0.5,-1.6759824752807617,0,-2,0,1.1759824752807617,2
257,1.0,-0.8439011573791504,1,-1,0,1.8439011573791504,2
258,0.0,-0.14198827743530273,0,0,1,0.14198827743530273,0
259,-2.0,-1.7127656936645508,-2,-2,1,0.2872343063354492,0
260,1.7999999523162842,2.2651233673095703,2,2,1,0.46512341499328613,0
261,0.6000000238418579,0.6956186294555664,1,1,1,0.0956186056137085,0
262,-1.2000000476837158,-1.0182538032531738,-1,-1,1,0.181746244430542,0
263,1.600000023841858,2.642068862915039,2,3,0,1.0420688390731812,1
264,0.0,-0.5753545761108398,0,-1,0,0.5753545761108398,1
265,-1.0,-0.7875959873199463,-1,-1,1,0.2124040126800537,0
266,-2.5999999046325684,0.746614933013916,-3,1,0,3.3466148376464844,4
267,-1.25,-0.42135143280029297,-1,0,0,0.828648567199707,1
268,1.2000000476837158,0.9033176898956299,1,1,1,0.29668235778808594,0
269,-0.4000000059604645,-1.0585837364196777,0,-1,0,0.6585837304592133,1
270,-2.0,-1.915062665939331,-2,-2,1,0.08493733406066895,0
271,-1.600000023841858,-2.354640483856201,-2,-2,1,0.7546404600143433,0
272,0.20000000298023224,1.6144356727600098,0,2,0,1.4144356697797775,2
273,0.4000000059604645,0.39084362983703613,0,0,1,0.009156376123428345,0
274,-1.0,-1.2389259338378906,-1,-1,1,0.23892593383789062,0
275,-1.0,-1.142687201499939,-1,-1,1,0.14268720149993896,0
276,-2.0,-2.254855155944824,-2,-2,1,0.2548551559448242,0
277,-2.0,-1.4698081016540527,-2,-1,0,0.5301918983459473,1
278,-2.0,-2.247074604034424,-2,-2,1,0.24707460403442383,0
279,-2.200000047683716,-2.7503414154052734,-2,-3,0,0.5503413677215576,1
280,-1.0,-0.9351592063903809,-1,-1,1,0.06484079360961914,0
281,-2.4000000953674316,-2.3115181922912598,-2,-2,1,0.08848190307617188,0
282,1.2000000476837158,1.2798080444335938,1,1,1,0.07980799674987793,0
283,2.799999952316284,2.92080020904541,3,3,1,0.12080025672912598,0
284,0.0,1.2099781036376953,0,1,0,1.2099781036376953,1
285,2.5999999046325684,2.924795150756836,3,3,1,0.3247952461242676,0
286,-1.2000000476837158,-1.4360544681549072,-1,-1,1,0.2360544204711914,0
287,-1.600000023841858,1.8265581130981445,-2,2,0,3.4265581369400024,4
288,-0.6000000238418579,-0.7213139533996582,-1,-1,1,0.12131392955780029,0
289,-1.600000023841858,-1.339207649230957,-2,-1,0,0.2607923746109009,1
290,2.799999952316284,2.9244651794433594,3,3,1,0.1244652271270752,0
291,1.7999999523162842,2.3143515586853027,2,2,1,0.5143516063690186,0
292,2.4000000953674316,2.3431496620178223,2,2,1,0.056850433349609375,0
293,2.4000000953674316,2.1437630653381348,2,2,1,0.2562370300292969,0
294,-0.6000000238418579,-0.8138186931610107,-1,-1,1,0.21381866931915283,0
295,0.5,0.5901973247528076,0,1,0,0.09019732475280762,1
296,1.3333333730697632,1.096853256225586,1,1,1,0.23648011684417725,0
297,0.800000011920929,1.1788930892944336,1,1,1,0.37889307737350464,0
298,-2.799999952316284,-2.8961994647979736,-3,-3,1,0.09619951248168945,0
299,1.2000000476837158,1.6768932342529297,1,2,0,0.47689318656921387,1
300,2.200000047683716,-1.7472163438796997,2,-2,0,3.9472163915634155,4
301,-2.4000000953674316,-2.497382402420044,-2,-2,1,0.0973823070526123,0
302,0.6000000238418579,1.637639045715332,1,2,0,1.0376390218734741,1
303,-0.20000000298023224,-1.7379508018493652,0,-2,0,1.537950798869133,2
304,2.0,1.712803840637207,2,2,1,0.28719615936279297,0
305,-0.800000011920929,-0.014169931411743164,-1,0,0,0.7858300805091858,1
306,0.4000000059604645,0.38625431060791016,0,0,1,0.013745695352554321,0
307,-0.20000000298023224,-2.2356908321380615,0,-2,0,2.0356908291578293,2
308,0.4000000059604645,1.5849494934082031,0,2,0,1.1849494874477386,2
309,-0.20000000298023224,0.34119582176208496,0,0,1,0.5411958247423172,0
310,2.0,1.7441163063049316,2,2,1,0.25588369369506836,0
311,-0.75,-1.2168934345245361,-1,-1,1,0.46689343452453613,0
312,-1.600000023841858,-1.3500778675079346,-2,-1,0,0.24992215633392334,1
313,0.800000011920929,1.8782835006713867,1,2,0,1.0782834887504578,1
314,1.2000000476837158,-0.2871129512786865,1,0,0,1.4871129989624023,1
315,-1.3333333730697632,-2.148991584777832,-1,-2,0,0.8156582117080688,1
316,1.0,1.6001777648925781,1,2,0,0.6001777648925781,1
317,-2.4000000953674316,-2.6283206939697266,-2,-3,0,0.22832059860229492,1
318,2.0,2.234933376312256,2,2,1,0.23493337631225586,0
319,1.7999999523162842,2.5261292457580566,2,3,0,0.7261292934417725,1
320,-1.399999976158142,-1.2769770622253418,-1,-1,1,0.12302291393280029,0
321,0.5,0.6555335521697998,0,1,0,0.1555335521697998,1
322,2.0,1.1120014190673828,2,1,0,0.8879985809326172,1
323,0.6000000238418579,-0.583003044128418,1,-1,0,1.1830030679702759,2
324,0.20000000298023224,1.1747074127197266,0,1,0,0.9747074097394943,1
325,-0.800000011920929,2.3055057525634766,-1,2,0,3.1055057644844055,3
326,-1.7999999523162842,-1.605156660079956,-2,-2,1,0.19484329223632812,0
327,0.800000011920929,1.7579751014709473,1,2,0,0.9579750895500183,1
328,0.25,-0.2111802101135254,0,0,1,0.4611802101135254,0
329,-0.6000000238418579,0.07440710067749023,-1,0,0,0.6744071245193481,1
330,0.4000000059604645,1.3864240646362305,0,1,0,0.986424058675766,1
331,-1.0,-1.8486502170562744,-1,-2,0,0.8486502170562744,1
332,1.600000023841858,1.9001493453979492,2,2,1,0.3001493215560913,0
333,-1.399999976158142,-2.156174659729004,-1,-2,0,0.7561746835708618,1
334,-2.4000000953674316,-1.043229341506958,-2,-1,0,1.3567707538604736,1
335,-2.799999952316284,-1.4758151769638062,-3,-1,0,1.324184775352478,2
336,-2.799999952316284,-1.4329944849014282,-3,-1,0,1.367005467414856,2
337,-1.7999999523162842,-1.9009920358657837,-2,-2,1,0.10099208354949951,0
338,1.7999999523162842,2.2543601989746094,2,2,1,0.4543602466583252,0
339,2.5999999046325684,2.701711654663086,3,3,1,0.10171175003051758,0
340,-2.4000000953674316,-0.4952569007873535,-2,0,0,1.9047431945800781,2
341,0.800000011920929,1.5403199195861816,1,2,0,0.7403199076652527,1
342,-1.2000000476837158,-1.5908873081207275,-1,-2,0,0.3908872604370117,1
343,0.20000000298023224,1.2365632057189941,0,1,0,1.036563202738762,1
344,-2.4000000953674316,-2.341686487197876,-2,-2,1,0.058313608169555664,0
345,-2.200000047683716,-2.53429913520813,-2,-3,0,0.33429908752441406,1
346,-1.0,0.2923412322998047,-1,0,0,1.2923412322998047,1
347,-1.2000000476837158,-1.3945728540420532,-1,-1,1,0.1945728063583374,0
348,-2.799999952316284,-2.0665783882141113,-3,-2,0,0.7334215641021729,1
349,-1.399999976158142,-1.7536170482635498,-1,-2,0,0.3536170721054077,1
350,-2.5999999046325684,-2.2641654014587402,-3,-2,0,0.3358345031738281,1
351,2.5999999046325684,2.9141321182250977,3,3,1,0.3141322135925293,0
352,-1.7999999523162842,-1.6769471168518066,-2,-2,1,0.12305283546447754,0
353,-2.200000047683716,-2.1969962120056152,-2,-2,1,0.003003835678100586,0
354,2.799999952316284,2.9175496101379395,3,3,1,0.11754965782165527,0
355,-2.0,-2.4608986377716064,-2,-2,1,0.46089863777160645,0
356,-2.799999952316284,-2.9283173084259033,-3,-3,1,0.12831735610961914,0
357,-2.200000047683716,-2.9320321083068848,-2,-3,0,0.732032060623169,1
358,-1.7999999523162842,-0.48482370376586914,-2,0,0,1.315176248550415,2
359,0.20000000298023224,-2.9023220539093018,0,-3,0,3.102322056889534,3
360,-1.7999999523162842,-2.4702646732330322,-2,-2,1,0.670264720916748,0
361,-1.399999976158142,-1.4229621887207031,-1,-1,1,0.022962212562561035,0
362,-2.0,-1.016124963760376,-2,-1,0,0.983875036239624,1
363,1.2000000476837158,2.28189754486084,1,2,0,1.081897497177124,1
364,1.2000000476837158,2.259744167327881,1,2,0,1.059744119644165,1
365,-1.7999999523162842,-1.362445592880249,-2,-1,0,0.43755435943603516,1
366,-2.4000000953674316,1.3987884521484375,-2,1,0,3.798788547515869,3
367,-1.399999976158142,0.18764638900756836,-1,0,0,1.5876463651657104,1
368,-2.200000047683716,-0.7874529361724854,-2,-1,0,1.4125471115112305,1
369,-1.2000000476837158,-1.4740387201309204,-1,-1,1,0.2740386724472046,0
370,0.0,0.35120248794555664,0,0,1,0.35120248794555664,0
371,-1.399999976158142,-0.9774730205535889,-1,-1,1,0.4225269556045532,0
372,-2.200000047683716,-1.605151891708374,-2,-2,1,0.5948481559753418,0
373,1.600000023841858,1.8748035430908203,2,2,1,0.2748035192489624,0
374,0.20000000298023224,0.42455482482910156,0,0,1,0.22455482184886932,0
375,-1.399999976158142,-1.9070181846618652,-1,-2,0,0.5070182085037231,1
376,2.0,2.31644868850708,2,2,1,0.3164486885070801,0
377,2.0,2.3616738319396973,2,2,1,0.36167383193969727,0
378,0.0,0.7198562622070312,0,1,0,0.7198562622070312,1
379,0.800000011920929,2.5346155166625977,1,3,0,1.7346155047416687,2
380,-1.600000023841858,0.1569218635559082,-2,0,0,1.7569218873977661,2
381,-0.4000000059604645,0.24695444107055664,0,0,1,0.6469544470310211,0
382,-1.600000023841858,-2.140697717666626,-2,-2,1,0.5406976938247681,0
383,-1.0,-0.9927873611450195,-1,-1,1,0.007212638854980469,0
384,-1.399999976158142,-2.3759188652038574,-1,-2,0,0.9759188890457153,1
385,-2.200000047683716,-1.6657942533493042,-2,-2,1,0.5342057943344116,0
386,2.0,2.69088077545166,2,3,0,0.6908807754516602,1
387,0.0,-1.1805068254470825,0,-1,0,1.1805068254470825,1
388,-1.0,-0.9440333843231201,-1,-1,1,0.05596661567687988,0
389,-1.0,-0.6082978248596191,-1,-1,1,0.39170217514038086,0
390,-1.399999976158142,-1.7255581617355347,-1,-2,0,0.3255581855773926,1
391,-0.6000000238418579,-0.14895248413085938,-1,0,0,0.45104753971099854,1
392,0.20000000298023224,-1.4192771911621094,0,-1,0,1.6192771941423416,1
393,1.600000023841858,1.5913066864013672,2,2,1,0.008693337440490723,0
394,1.399999976158142,1.8574094772338867,1,2,0,0.45740950107574463,1
395,-2.0,1.13010835647583,-2,1,0,3.13010835647583,3
396,1.2000000476837158,2.548750877380371,1,3,0,1.3487508296966553,2
397,0.800000011920929,2.466510772705078,1,2,0,1.6665107607841492,1
398,1.25,2.2976999282836914,1,2,0,1.0476999282836914,1
399,1.25,-1.0718913078308105,1,-1,0,2.3218913078308105,2
400,2.799999952316284,2.8855295181274414,3,3,1,0.08552956581115723,0
401,0.800000011920929,1.5502605438232422,1,2,0,0.7502605319023132,1
402,1.2000000476837158,2.4655728340148926,1,2,0,1.2655727863311768,1
403,-1.2000000476837158,-2.0189785957336426,-1,-2,0,0.8189785480499268,1
404,1.0,0.7024307250976562,1,1,1,0.29756927490234375,0
405,-1.7999999523162842,-2.0799036026000977,-2,-2,1,0.2799036502838135,0
406,-1.5,-1.8365042209625244,-2,-2,1,0.3365042209625244,0
407,0.6000000238418579,2.1527934074401855,1,2,0,1.5527933835983276,1
408,0.0,-2.0819170475006104,0,-2,0,2.0819170475006104,2
409,-1.399999976158142,-1.858673095703125,-1,-2,0,0.4586731195449829,1
410,0.6000000238418579,1.8428473472595215,1,2,0,1.2428473234176636,1
411,0.6000000238418579,-0.3387632369995117,1,0,0,0.9387632608413696,1
412,-1.600000023841858,-1.8332760334014893,-2,-2,1,0.23327600955963135,0
413,-1.399999976158142,0.14422321319580078,-1,0,0,1.5442231893539429,1
414,-2.0,0.018682003021240234,-2,0,0,2.0186820030212402,2
415,-1.399999976158142,0.25667810440063477,-1,0,0,1.6566780805587769,1
416,-2.0,-2.2816295623779297,-2,-2,1,0.2816295623779297,0
417,-1.600000023841858,-1.6087960004806519,-2,-2,1,0.008795976638793945,0
418,-2.4000000953674316,-1.311371088027954,-2,-1,0,1.0886290073394775,1
419,-1.2000000476837158,-0.9469563961029053,-1,-1,1,0.25304365158081055,0
420,-1.7999999523162842,0.28653621673583984,-2,0,0,2.086536169052124,2
421,-2.0,-1.7370505332946777,-2,-2,1,0.26294946670532227,0
422,-2.200000047683716,-1.3818360567092896,-2,-1,0,0.8181639909744263,1
423,0.800000011920929,0.12643098831176758,1,0,0,0.6735690236091614,1
424,-1.399999976158142,-1.030341386795044,-1,-1,1,0.36965858936309814,0
425,0.0,-0.1703176498413086,0,0,1,0.1703176498413086,0
426,-2.0,-2.0122315883636475,-2,-2,1,0.012231588363647461,0
427,2.0,2.2757954597473145,2,2,1,0.27579545974731445,0
428,-1.399999976158142,-1.3329432010650635,-1,-1,1,0.06705677509307861,0
429,0.800000011920929,1.5700135231018066,1,2,0,0.7700135111808777,1
430,1.7999999523162842,-0.10363364219665527,2,0,0,1.9036335945129395,2
431,-2.200000047683716,1.1057190895080566,-2,1,0,3.3057191371917725,3
432,-1.2000000476837158,-0.8812248706817627,-1,-1,1,0.3187751770019531,0
433,2.0,2.043158531188965,2,2,1,0.043158531188964844,0
434,-1.600000023841858,0.9717764854431152,-2,1,0,2.571776509284973,3
435,2.0,1.1057219505310059,2,1,0,0.8942780494689941,1
436,0.800000011920929,1.0536670684814453,1,1,1,0.25366705656051636,0
437,-1.25,2.210568904876709,-1,2,0,3.460568904876709,3
438,1.399999976158142,2.485835075378418,1,2,0,1.0858350992202759,1
439,2.799999952316284,2.4487438201904297,3,2,0,0.3512561321258545,1
440,2.200000047683716,1.5095739364624023,2,2,1,0.6904261112213135,0
441,-1.399999976158142,-1.5190954208374023,-1,-2,0,0.11909544467926025,1
442,-0.800000011920929,-1.4388775825500488,-1,-1,1,0.6388775706291199,0
443,-1.0,-0.46526217460632324,-1,0,0,0.5347378253936768,1
444,1.600000023841858,1.3793878555297852,2,1,0,0.22061216831207275,1
445,-2.0,-0.5827808380126953,-2,-1,0,1.4172191619873047,1
446,-2.200000047683716,-1.9294754266738892,-2,-2,1,0.27052462100982666,0
447,0.800000011920929,1.7902798652648926,1,2,0,0.9902798533439636,1
448,0.800000011920929,2.689619541168213,1,3,0,1.889619529247284,2
449,-2.5999999046325684,-1.9842780828475952,-3,-2,0,0.6157218217849731,1
450,-2.200000047683716,-2.18765926361084,-2,-2,1,0.012340784072875977,0
451,-2.5999999046325684,-2.6749789714813232,-3,-3,1,0.07497906684875488,0
452,-0.800000011920929,-0.009252548217773438,-1,0,0,0.7907474637031555,1
453,2.25,2.1028079986572266,2,2,1,0.14719200134277344,0
454,-2.799999952316284,-1.8919262886047363,-3,-2,0,0.9080736637115479,1
455,-2.4000000953674316,-2.6298394203186035,-2,-3,0,0.22983932495117188,1
456,-0.4000000059604645,-0.1235036849975586,0,0,1,0.2764963209629059,0
457,-2.5999999046325684,-1.4272565841674805,-3,-1,0,1.172743320465088,2
458,-1.399999976158142,-2.238741397857666,-1,-2,0,0.8387414216995239,1
459,-1.600000023841858,-2.5662119388580322,-2,-3,0,0.9662119150161743,1
460,-2.5999999046325684,-1.9762581586837769,-3,-2,0,0.6237417459487915,1
461,-2.5999999046325684,-1.722555160522461,-3,-2,0,0.8774447441101074,1
462,-2.0,-2.2069404125213623,-2,-2,1,0.2069404125213623,0
463,-1.0,-0.5466032028198242,-1,-1,1,0.4533967971801758,0
464,-1.600000023841858,-2.4804527759552,-2,-2,1,0.8804527521133423,0
465,-2.5999999046325684,-2.2478232383728027,-3,-2,0,0.3521766662597656,1
466,-1.600000023841858,-1.4900201559066772,-2,-1,0,0.10997986793518066,1
467,-1.7999999523162842,-1.3625544309616089,-2,-1,0,0.4374455213546753,1
468,-1.399999976158142,-1.440220832824707,-1,-1,1,0.04022085666656494,0
469,-2.200000047683716,0.9084620475769043,-2,1,0,3.10846209526062,3
470,-1.600000023841858,-0.7548379898071289,-2,-1,0,0.845162034034729,1
471,-1.7999999523162842,-0.645683765411377,-2,-1,0,1.1543161869049072,1
472,-2.0,-0.3303568363189697,-2,0,0,1.6696431636810303,2
473,-2.5999999046325684,-2.6707472801208496,-3,-3,1,0.07074737548828125,0
474,-2.0,1.7438206672668457,-2,2,0,3.7438206672668457,4
475,-2.4000000953674316,-1.336512565612793,-2,-1,0,1.0634875297546387,1
476,-0.4000000059604645,1.9484758377075195,0,2,0,2.348475843667984,2
477,-1.600000023841858,-1.017494559288025,-2,-1,0,0.582505464553833,1
478,-2.200000047683716,-2.547121524810791,-2,-3,0,0.3471214771270752,1
479,2.799999952316284,1.74061918258667,3,2,0,1.0593807697296143,1
480,2.5999999046325684,2.1441640853881836,3,2,0,0.45583581924438477,1
481,2.4000000953674316,2.483099937438965,2,2,1,0.0830998420715332,0
482,0.4000000059604645,1.4349260330200195,0,1,0,1.034926027059555,1
483,1.399999976158142,-0.18634843826293945,1,0,0,1.5863484144210815,1
484,-1.399999976158142,-0.30650997161865234,-1,0,0,1.0934900045394897,1
485,1.25,1.1549558639526367,1,1,1,0.09504413604736328,0
486,-1.0,-0.1215510368347168,-1,0,0,0.8784489631652832,1
487,-1.2000000476837158,-1.2221319675445557,-1,-1,1,0.022131919860839844,0
488,-2.799999952316284,-1.6572542190551758,-3,-2,0,1.1427457332611084,1
489,-0.4000000059604645,-0.396914005279541,0,0,1,0.003086000680923462,0
490,-1.600000023841858,1.9400224685668945,-2,2,0,3.5400224924087524,4
491,-1.0,0.31083130836486816,-1,0,0,1.3108313083648682,1
492,0.4000000059604645,1.1798081398010254,0,1,0,0.7798081338405609,1
493,-1.7999999523162842,-1.0689482688903809,-2,-1,0,0.7310516834259033,1
494,0.800000011920929,2.340618133544922,1,2,0,1.540618121623993,1
495,0.0,0.23250246047973633,0,0,1,0.23250246047973633,0
496,0.5,1.389246940612793,0,1,0,0.889246940612793,1
497,-2.0,-0.5457286834716797,-2,-1,0,1.4542713165283203,1
498,-2.200000047683716,-0.23900270462036133,-2,0,0,1.9609973430633545,2
499,-2.799999952316284,-2.5326285362243652,-3,-3,1,0.26737141609191895,0
500,1.399999976158142,1.6655950546264648,1,2,0,0.26559507846832275,1
501,1.600000023841858,1.5496811866760254,2,2,1,0.05031883716583252,0
502,-1.399999976158142,-0.30034732818603516,-1,0,0,1.099652647972107,1
503,-2.0,-0.5588624477386475,-2,-1,0,1.4411375522613525,1
504,-0.6000000238418579,0.20306730270385742,-1,0,0,0.8030673265457153,1
505,-1.7999999523162842,0.1524214744567871,-2,0,0,1.9524214267730713,2
506,-0.800000011920929,-0.21357417106628418,-1,0,0,0.5864258408546448,1
507,-2.200000047683716,-2.0063443183898926,-2,-2,1,0.19365572929382324,0
508,0.25,-0.49108433723449707,0,0,1,0.7410843372344971,0
509,-2.0,-2.1633028984069824,-2,-2,1,0.16330289840698242,0
510,-1.399999976158142,-0.8206205368041992,-1,-1,1,0.5793794393539429,0
511,-1.399999976158142,-1.8881659507751465,-1,-2,0,0.4881659746170044,1
512,0.20000000298023224,0.8148899078369141,0,1,0,0.6148899048566818,1
513,0.0,-1.6402757167816162,0,-2,0,1.6402757167816162,2
514,-1.0,-0.8827488422393799,-1,-1,1,0.11725115776062012,0
515,0.0,0.58766770362854,0,1,0,0.58766770362854,1
516,-2.0,-1.3727989196777344,-2,-1,0,0.6272010803222656,1
517,-2.0,-2.536778688430786,-2,-3,0,0.5367786884307861,1
518,-0.800000011920929,-1.141772747039795,-1,-1,1,0.34177273511886597,0
519,-0.800000011920929,-1.1797513961791992,-1,-1,1,0.37975138425827026,0
520,-1.0,-0.9747648239135742,-1,-1,1,0.02523517608642578,0
521,-1.7999999523162842,-2.0157408714294434,-2,-2,1,0.21574091911315918,0
522,-0.6000000238418579,0.5457673072814941,-1,1,0,1.145767331123352,2
523,-2.0,-2.411849021911621,-2,-2,1,0.4118490219116211,0
524,1.600000023841858,1.8757658004760742,2,2,1,0.2757657766342163,0
525,2.200000047683716,1.8619732856750488,2,2,1,0.338026762008667,0
526,1.7999999523162842,0.11832237243652344,2,0,0,1.6816775798797607,2
527,-0.4000000059604645,-0.8692400455474854,0,-1,0,0.4692400395870209,1
528,2.4000000953674316,2.3824968338012695,2,2,1,0.01750326156616211,0
529,1.5,2.372361183166504,2,2,1,0.8723611831665039,0
530,0.0,0.36774587631225586,0,0,1,0.36774587631225586,0
531,2.5999999046325684,2.2044601440429688,3,2,0,0.3955397605895996,1
532,0.6000000238418579,-0.3812551498413086,1,0,0,0.9812551736831665,1
533,-0.4000000059604645,2.0582971572875977,0,2,0,2.458297163248062,2
534,2.0,2.3168091773986816,2,2,1,0.31680917739868164,0
535,0.0,-1.6276676654815674,0,-2,0,1.6276676654815674,2
536,1.399999976158142,-0.1971569061279297,1,0,0,1.5971568822860718,1
537,0.800000011920929,0.7023162841796875,1,1,1,0.09768372774124146,0
538,1.7999999523162842,2.3789024353027344,2,2,1,0.5789024829864502,0
539,1.7999999523162842,1.7217750549316406,2,2,1,0.07822489738464355,0
540,1.600000023841858,0.8454842567443848,2,1,0,0.7545157670974731,1
541,-2.0,-0.6586618423461914,-2,-1,0,1.3413381576538086,1
542,0.20000000298023224,1.9421110153198242,0,2,0,1.742111012339592,2
543,2.0,2.9047579765319824,2,3,0,0.9047579765319824,1
544,1.399999976158142,-1.7523339986801147,1,-2,0,3.152333974838257,3
545,2.4000000953674316,2.9206385612487793,2,3,0,0.5206384658813477,1
546,1.2000000476837158,2.4526443481445312,1,2,0,1.2526443004608154,1
547,2.200000047683716,2.2665748596191406,2,2,1,0.0665748119354248,0
548,1.399999976158142,-1.4783424139022827,1,-1,0,2.878342390060425,2
549,1.0,-0.9113674163818359,1,-1,0,1.911367416381836,2
550,2.200000047683716,2.491392135620117,2,2,1,0.29139208793640137,0
551,-1.5,-1.9349911212921143,-2,-2,1,0.43499112129211426,0
552,2.200000047683716,2.4076995849609375,2,2,1,0.20769953727722168,0
553,1.2000000476837158,1.3008217811584473,1,1,1,0.10082173347473145,0
554,0.6000000238418579,0.456371545791626,1,0,0,0.14362847805023193,1
555,0.0,0.7746927738189697,0,1,0,0.7746927738189697,1
556,2.200000047683716,2.10783052444458,2,2,1,0.09216952323913574,0
557,-2.4000000953674316,-1.8401591777801514,-2,-2,1,0.5598409175872803,0
558,1.7999999523162842,2.1337227821350098,2,2,1,0.3337228298187256,0
559,1.7999999523162842,2.2849783897399902,2,2,1,0.48497843742370605,0
560,2.4000000953674316,2.1374449729919434,2,2,1,0.2625551223754883,0
561,2.0,1.8777189254760742,2,2,1,0.12228107452392578,0
562,-0.25,0.38756299018859863,0,0,1,0.6375629901885986,0
563,2.5999999046325684,2.4018259048461914,3,2,0,0.19817399978637695,1
564,-0.20000000298023224,-0.23458147048950195,0,0,1,0.034581467509269714,0
565,1.3333333730697632,1.4406805038452148,1,1,1,0.10734713077545166,0
566,2.4000000953674316,1.4833717346191406,2,1,0,0.916628360748291,1
567,0.20000000298023224,0.7743487358093262,0,1,0,0.5743487328290939,1
568,2.5999999046325684,2.1219563484191895,3,2,0,0.4780435562133789,1
569,2.0,2.539824962615967,2,3,0,0.5398249626159668,1
570,1.399999976158142,0.6276223659515381,1,1,1,0.772377610206604,0
571,0.4000000059604645,1.7531652450561523,0,2,0,1.3531652390956879,2
572,1.2000000476837158,1.7112808227539062,1,2,0,0.5112807750701904,1
573,2.4000000953674316,2.4634146690368652,2,2,1,0.0634145736694336,0
574,1.399999976158142,1.675394058227539,1,2,0,0.275394082069397,1
575,2.0,1.6094355583190918,2,2,1,0.3905644416809082,0
576,1.7999999523162842,1.6991515159606934,2,2,1,0.10084843635559082,0
577,0.0,0.5874662399291992,0,1,0,0.5874662399291992,1
578,-0.4000000059604645,0.40198302268981934,0,0,1,0.8019830286502838,0
579,1.600000023841858,1.4870095252990723,2,1,0,0.11299049854278564,1
580,1.399999976158142,2.017551898956299,1,2,0,0.6175519227981567,1
581,1.7999999523162842,2.08236026763916,2,2,1,0.282360315322876,0
582,2.4000000953674316,2.411231517791748,2,2,1,0.011231422424316406,0
583,1.7999999523162842,2.6146059036254883,2,3,0,0.8146059513092041,1
584,0.5,0.7744722366333008,0,1,0,0.2744722366333008,1
585,0.0,0.8543961048126221,0,1,0,0.8543961048126221,1
586,-0.800000011920929,-1.2896442413330078,-1,-1,1,0.48964422941207886,0
587,0.20000000298023224,2.916471004486084,0,3,0,2.7164710015058517,3
588,1.0,-1.5008635520935059,1,-2,0,2.500863552093506,3
589,-1.2000000476837158,-1.621721625328064,-1,-2,0,0.42172157764434814,1
590,1.7999999523162842,0.6609940528869629,2,1,0,1.1390058994293213,1
591,-2.0,-2.038973331451416,-2,-2,1,0.038973331451416016,0
592,-0.20000000298023224,-0.23537397384643555,0,0,1,0.03537397086620331,0
593,0.4000000059604645,-0.32207608222961426,0,0,1,0.7220760881900787,0
594,-1.7999999523162842,-1.7997891902923584,-2,-2,1,0.00021076202392578125,0
595,2.0,1.8872098922729492,2,2,1,0.11279010772705078,0
596,1.600000023841858,1.9827632904052734,2,2,1,0.3827632665634155,0
597,2.0,-0.3081073760986328,2,0,0,2.308107376098633,2
598,-0.800000011920929,-1.6847259998321533,-1,-2,0,0.8847259879112244,1
599,2.0,2.001328468322754,2,2,1,0.0013284683227539062,0
600,-0.4000000059604645,-1.778807520866394,0,-2,0,1.3788075149059296,2
601,-0.6000000238418579,-1.2098920345306396,-1,-1,1,0.6098920106887817,0
602,-1.0,-1.2024800777435303,-1,-1,1,0.20248007774353027,0
603,0.800000011920929,-1.1800594329833984,1,-1,0,1.9800594449043274,2
604,-0.800000011920929,-0.3738255500793457,-1,0,0,0.42617446184158325,1
605,-0.6000000238418579,0.5205798149108887,-1,1,0,1.1205798387527466,2
606,0.20000000298023224,-0.34885406494140625,0,0,1,0.5488540679216385,0
607,2.0,2.1441965103149414,2,2,1,0.1441965103149414,0
608,2.200000047683716,2.106299877166748,2,2,1,0.09370017051696777,0
609,0.800000011920929,2.0586776733398438,1,2,0,1.2586776614189148,1
610,0.75,-1.2219269275665283,1,-1,0,1.9719269275665283,2
611,0.800000011920929,1.3391809463500977,1,1,1,0.5391809344291687,0
612,0.5,0.6848630905151367,0,1,0,0.18486309051513672,1
613,-1.0,-1.2901103496551514,-1,-1,1,0.29011034965515137,0
614,-0.20000000298023224,0.6670088768005371,0,1,0,0.8670088797807693,1
615,-1.2000000476837158,-2.026432514190674,-1,-2,0,0.826432466506958,1
616,-1.0,0.7272887229919434,-1,1,0,1.7272887229919434,2
617,-1.5,-0.6189639568328857,-2,-1,0,0.8810360431671143,1
618,-1.399999976158142,0.0734095573425293,-1,0,0,1.4734095335006714,1
619,-0.6000000238418579,-0.29882144927978516,-1,0,0,0.30117857456207275,1
620,-1.7999999523162842,-1.6243212223052979,-2,-2,1,0.17567873001098633,0
621,-0.6666666865348816,-2.361605644226074,-1,-2,0,1.6949389576911926,1
622,0.6000000238418579,0.9030632972717285,1,1,1,0.3030632734298706,0
623,2.200000047683716,2.8007774353027344,2,3,0,0.6007773876190186,1
624,0.20000000298023224,0.07720470428466797,0,0,1,0.12279529869556427,0
625,0.6000000238418579,0.2667727470397949,1,0,0,0.333227276802063,1
626,-1.600000023841858,-1.5189411640167236,-2,-2,1,0.08105885982513428,0
627,-2.0,-1.4250469207763672,-2,-1,0,0.5749530792236328,1
628,0.800000011920929,1.82698392868042,1,2,0,1.026983916759491,1
629,-1.7999999523162842,-0.24012422561645508,-2,0,0,1.559875726699829,2
630,-1.600000023841858,-1.9869956970214844,-2,-2,1,0.38699567317962646,0
631,-1.2000000476837158,-1.2377471923828125,-1,-1,1,0.03774714469909668,0
632,-2.0,-0.34850215911865234,-2,0,0,1.6514978408813477,2
633,-2.0,-1.5577517747879028,-2,-2,1,0.44224822521209717,0
634,-1.2000000476837158,-1.9949125051498413,-1,-2,0,0.7949124574661255,1
635,0.4000000059604645,-0.6590015888214111,0,-1,0,1.0590015947818756,1
636,-0.20000000298023224,-0.9309067726135254,0,-1,0,0.7309067696332932,1
637,-1.7999999523162842,-1.8737947940826416,-2,-2,1,0.07379484176635742,0
638,0.0,-1.2331829071044922,0,-1,0,1.2331829071044922,1
639,-1.399999976158142,-1.0625226497650146,-1,-1,1,0.33747732639312744,0
640,0.4000000059604645,-1.1335923671722412,0,-1,0,1.5335923731327057,1
641,2.0,1.182760238647461,2,1,0,0.8172397613525391,1
642,-2.0,-1.8228068351745605,-2,-2,1,0.17719316482543945,0
643,-2.0,-1.0981788635253906,-2,-1,0,0.9018211364746094,1
644,-0.6000000238418579,-0.5790534019470215,-1,-1,1,0.020946621894836426,0
645,-2.0,-1.2783317565917969,-2,-1,0,0.7216682434082031,1
646,-1.0,-1.7451577186584473,-1,-2,0,0.7451577186584473,1
647,-0.6000000238418579,-0.33465051651000977,-1,0,0,0.26534950733184814,1
648,-1.7999999523162842,-2.1687774658203125,-2,-2,1,0.3687775135040283,0
649,-1.600000023841858,-1.1365195512771606,-2,-1,0,0.46348047256469727,1
650,-2.200000047683716,-2.4000115394592285,-2,-2,1,0.2000114917755127,0
651,0.0,-0.22673821449279785,0,0,1,0.22673821449279785,0
652,1.0,0.48395705223083496,1,0,0,0.516042947769165,1
653,0.0,-0.4999995231628418,0,0,1,0.4999995231628418,0
654,0.800000011920929,1.5904121398925781,1,2,0,0.7904121279716492,1
655,-1.399999976158142,-0.6464657783508301,-1,-1,1,0.753534197807312,0
656,0.6000000238418579,-0.7075977325439453,1,-1,0,1.3075977563858032,2
657,0.6000000238418579,-0.8245601654052734,1,-1,0,1.4245601892471313,2
658,-0.5,-0.00047087669372558594,0,0,1,0.4995291233062744,0
659,1.399999976158142,1.4360260963439941,1,1,1,0.03602612018585205,0
660,-1.2000000476837158,-2.1140389442443848,-1,-2,0,0.914038896560669,1
661,-1.600000023841858,-2.4038047790527344,-2,-2,1,0.8038047552108765,0
662,-1.600000023841858,-1.736377239227295,-2,-2,1,0.136377215385437,0
663,1.600000023841858,2.4659953117370605,2,2,1,0.8659952878952026,0
664,-2.200000047683716,-2.422178268432617,-2,-2,1,0.22217822074890137,0
665,-1.600000023841858,-2.373870611190796,-2,-2,1,0.773870587348938,0
666,1.0,1.3840742111206055,1,1,1,0.38407421112060547,0
667,1.0,1.8860301971435547,1,2,0,0.8860301971435547,1
668,-1.0,-1.9864047765731812,-1,-2,0,0.9864047765731812,1
669,-1.0,-2.1492180824279785,-1,-2,0,1.1492180824279785,1
670,-2.4000000953674316,-2.6762185096740723,-2,-3,0,0.2762184143066406,1
671,0.6000000238418579,1.648294448852539,1,2,0,1.0482944250106812,1
672,-1.0,-1.0209202766418457,-1,-1,1,0.020920276641845703,0
673,-1.399999976158142,-2.191187858581543,-1,-2,0,0.7911878824234009,1
674,-2.0,-2.4716286659240723,-2,-2,1,0.47162866592407227,0
675,-1.5,-2.3060402870178223,-2,-2,1,0.8060402870178223,0
676,1.75,2.0919694900512695,2,2,1,0.34196949005126953,0
677,1.7999999523162842,2.1671142578125,2,2,1,0.3671143054962158,0
678,-0.800000011920929,1.1010799407958984,-1,1,0,1.9010799527168274,2
679,0.6000000238418579,2.0103368759155273,1,2,0,1.4103368520736694,1
680,-1.0,-2.101451873779297,-1,-2,0,1.1014518737792969,1
681,-2.0,-2.1226556301116943,-2,-2,1,0.12265563011169434,0
682,0.6000000238418579,2.3575057983398438,1,2,0,1.7575057744979858,1
683,1.2000000476837158,2.446690559387207,1,2,0,1.2466905117034912,1
684,-0.4000000059604645,0.7608437538146973,0,1,0,1.1608437597751617,1
685,0.800000011920929,1.2793660163879395,1,1,1,0.4793660044670105,0
